wall,model_role,assembly,length_m,width_m,prior_study_assumed_gk_kN_m,prior_study_assumed_Gk_kN,rib_ids_intersecting_wall_footprint,four_ribs_axis_covered_m,four_ribs_footprint_covered_fraction,four_ribs_status,four_ribs_plus_old_upper_ring_axis_covered_m,four_ribs_plus_old_upper_ring_footprint_covered_fraction,four_ribs_plus_old_upper_ring_status
IW-ENTRY-TOP-E2,PARTITION,MASONRY_PRODUCT_UNCONFIRMED,0.22599999999999998,0.203,9.3,2.1018,[],0.0,0.0,NO_PLAN_COVERAGE,0.0,0.0,NO_PLAN_COVERAGE
IW-SPINE-EAST-1,PARTITION,MASONRY_PRODUCT_UNCONFIRMED,0.37950000000000017,0.144,7.0874999999999995,2.689706250000001,[],0.0,0.0,NO_PLAN_COVERAGE,0.0,0.0,NO_PLAN_COVERAGE
IW-SPINE-EAST-2,PARTITION,MASONRY_PRODUCT_UNCONFIRMED,2.3644999999999996,0.144,7.0874999999999995,16.758393749999996,[],0.0,0.0,NO_PLAN_COVERAGE,0.0,0.0,NO_PLAN_COVERAGE
IW-SPINE-EAST-3,PARTITION,MASONRY_PRODUCT_UNCONFIRMED,0.5380000000000003,0.144,7.0874999999999995,3.8130750000000013,['R2'],0.025000000000000355,0.0464684014869895,PARTIAL_PLAN_COVERAGE,0.025000000000000355,0.0464684014869895,PARTIAL_PLAN_COVERAGE
IW-STUDY-NORTH,PARTITION,H200,4.757999999999999,0.2,5.2115625,24.796614374999997,[],0.0,0.0,NO_PLAN_COVERAGE,0.02500000000000213,0.005254308532997576,PARTIAL_PLAN_COVERAGE
IW-BATH-105-EAST,PARTITION,MASONRY_PRODUCT_UNCONFIRMED,1.0310000000000006,0.139,6.9,7.1139000000000046,[],0.0,0.0,NO_PLAN_COVERAGE,0.0,0.0,NO_PLAN_COVERAGE
IW-BATH-105-SOUTH-E,PARTITION,MASONRY_PRODUCT_UNCONFIRMED,2.8590000000000018,0.14,6.937500000000001,19.834312500000014,[],0.0,0.0,NO_PLAN_COVERAGE,0.02500000000000213,0.008744316194474355,PARTIAL_PLAN_COVERAGE
IW-BATH-105-NORTH,PARTITION,MASONRY_PRODUCT_UNCONFIRMED,2.0380000000000003,0.14,6.937500000000001,14.138625000000003,[],0.0,0.0,NO_PLAN_COVERAGE,0.0,0.0,NO_PLAN_COVERAGE
IW-WC-EAST,PARTITION,MASONRY_PRODUCT_UNCONFIRMED,1.799999999999999,0.139,6.9,12.419999999999993,['R2'],0.025000000000000355,0.013888888888889173,PARTIAL_PLAN_COVERAGE,0.025000000000000355,0.013888888888889173,PARTIAL_PLAN_COVERAGE
B-STREET-KID-TOP,PARTITION,MASONRY_PRODUCT_UNCONFIRMED,2.199,0.14,6.937500000000001,15.255562500000002,['R7'],0.025000000000000355,0.011368804001819277,PARTIAL_PLAN_COVERAGE,0.025000000000000355,0.011368804001819277,PARTIAL_PLAN_COVERAGE
B-GARDEN-KID-SOUTH-W,PARTITION,MASONRY_PRODUCT_UNCONFIRMED,2.199,0.14,6.937500000000001,15.255562500000002,['R7'],0.025000000000000355,0.011368804001819166,PARTIAL_PLAN_COVERAGE,0.025000000000000355,0.011368804001819166,PARTIAL_PLAN_COVERAGE
B-GARDEN-KID-SOUTH-E,PARTITION,MASONRY_PRODUCT_UNCONFIRMED,3.2010000000000005,0.14,6.937500000000001,22.206937500000006,['R1'],0.3500000000000014,0.10934083099031588,PARTIAL_PLAN_COVERAGE,0.3500000000000014,0.10934083099031588,PARTIAL_PLAN_COVERAGE
C-GARAGE-BAY-EAST,PARTITION,MASONRY_PRODUCT_UNCONFIRMED,2.1,0.14,6.937500000000001,14.568750000000003,[],0.0,0.0,NO_PLAN_COVERAGE,0.02499999999999991,0.011904761904761862,PARTIAL_PLAN_COVERAGE
C-GARAGE-BAY-RETURN,PARTITION,MASONRY_PRODUCT_UNCONFIRMED,2.139999999999999,0.14,6.937500000000001,14.846249999999994,[],0.0,0.0,NO_PLAN_COVERAGE,0.0,0.0,NO_PLAN_COVERAGE
C-GARAGE-SPINE-S,PARTITION,MASONRY_PRODUCT_UNCONFIRMED,0.30100000000000016,0.1,5.437500000000001,1.6366875000000012,[],0.0,0.0,NO_PLAN_COVERAGE,0.0,0.0,NO_PLAN_COVERAGE
C-GARAGE-SPINE-N,PARTITION,MASONRY_PRODUCT_UNCONFIRMED,4.8549999999999995,0.301,12.975,62.993624999999994,[],0.0,0.0,NO_PLAN_COVERAGE,0.025000000000000355,0.005149330587023826,PARTIAL_PLAN_COVERAGE
C-CLOSET-EAST,PARTITION,MASONRY_PRODUCT_UNCONFIRMED,2.1870000000000003,0.14,6.937500000000001,15.172312500000004,[],0.0,0.0,NO_PLAN_COVERAGE,0.0,0.0,NO_PLAN_COVERAGE
C-CLOSET-NORTH-W,PARTITION,MASONRY_PRODUCT_UNCONFIRMED,0.6499999999999986,0.14,6.937500000000001,4.509374999999991,[],0.0,0.0,NO_PLAN_COVERAGE,0.0,0.0,NO_PLAN_COVERAGE
C-CLOSET-NORTH-E,PARTITION,MASONRY_PRODUCT_UNCONFIRMED,0.8900000000000006,0.14,6.937500000000001,6.174375000000005,[],0.0,0.0,NO_PLAN_COVERAGE,0.0,0.0,NO_PLAN_COVERAGE
C-BATH-NORTH-W,PARTITION,MASONRY_PRODUCT_UNCONFIRMED,0.36100000000000065,0.14,6.937500000000001,2.5044375000000048,[],0.0,0.0,NO_PLAN_COVERAGE,0.0,0.0,NO_PLAN_COVERAGE
C-BATH-HALL-W,PARTITION,MASONRY_PRODUCT_UNCONFIRMED,0.4599999999999991,0.14,6.937500000000001,3.191249999999994,[],0.0,0.0,NO_PLAN_COVERAGE,0.0,0.0,NO_PLAN_COVERAGE
C-BATH-HALL-E,PARTITION,MASONRY_PRODUCT_UNCONFIRMED,0.1999999999999993,0.14,6.937500000000001,1.3874999999999953,['R7'],0.025000000000000355,0.12500000000000222,PARTIAL_PLAN_COVERAGE,0.025000000000000355,0.12500000000000222,PARTIAL_PLAN_COVERAGE
C-BED-PRIVACY-W,PARTITION,MASONRY_PRODUCT_UNCONFIRMED,0.4599999999999991,0.14,6.937500000000001,3.191249999999994,[],0.0,0.0,NO_PLAN_COVERAGE,0.0,0.0,NO_PLAN_COVERAGE
C-BED-PRIVACY-E,PARTITION,MASONRY_PRODUCT_UNCONFIRMED,0.1999999999999993,0.14,6.937500000000001,1.3874999999999953,['R7'],0.025000000000000355,0.12500000000000233,PARTIAL_PLAN_COVERAGE,0.025000000000000355,0.12500000000000233,PARTIAL_PLAN_COVERAGE
C-OPEN-HALL-S,PARTITION,SA30,3.0479999999999996,0.3,6.253875,19.061811,['R7'],3.0479999999999996,1.0,FULL_PLAN_COVERAGE,3.0479999999999996,1.0,FULL_PLAN_COVERAGE
C-OPEN-HALL-N,PARTITION,SA30,3.048,0.3,6.253875,19.061811,['R7'],3.048,1.0,FULL_PLAN_COVERAGE,3.048,1.0,FULL_PLAN_COVERAGE
C-KID-ENTRY-WALL,LOAD_BEARING,MASONRY_PRODUCT_UNCONFIRMED,2.908,0.301,12.975,37.7313,['R1'],2.908,1.0,FULL_PLAN_COVERAGE,2.908,1.0,FULL_PLAN_COVERAGE
C-KID-HALL-POCKET-WALL,PARTITION,MASONRY_PRODUCT_UNCONFIRMED,3.298000000000002,0.14,6.937500000000001,22.879875000000016,['R1'],0.3500000000000014,0.106124924196483,PARTIAL_PLAN_COVERAGE,0.3500000000000014,0.106124924196483,PARTIAL_PLAN_COVERAGE
C-ENTRY-HALL-JAMB,PARTITION,MASONRY_PRODUCT_UNCONFIRMED,0.13999999999999968,0.099,5.4,0.7559999999999983,[],0.0,0.0,NO_PLAN_COVERAGE,0.0,0.0,NO_PLAN_COVERAGE
C-GARDEN-KID-EAST,LOAD_BEARING,MASONRY_PRODUCT_UNCONFIRMED,2.9079999999999995,0.301,12.975,37.73129999999999,['R1'],2.9079999999999995,1.0,FULL_PLAN_COVERAGE,2.9079999999999995,1.0,FULL_PLAN_COVERAGE
C-GARDEN-CLOSET-SOUTH,PARTITION,MASONRY_PRODUCT_UNCONFIRMED,0.7010000000000005,0.14,6.937500000000001,4.863187500000004,['R1'],0.024500000000003297,0.03495007132668093,PARTIAL_PLAN_COVERAGE,0.024500000000003297,0.03495007132668093,PARTIAL_PLAN_COVERAGE
C-ENTRY-OFFICE-EAST,LOAD_BEARING,MASONRY_PRODUCT_UNCONFIRMED,1.6910000000000003,0.175,8.249999999999998,13.95075,[],0.0,0.0,NO_PLAN_COVERAGE,0.02499999999999991,0.014784151389710232,PARTIAL_PLAN_COVERAGE
C-ENTRY-OFFICE-RETURN,LOAD_BEARING,MASONRY_PRODUCT_UNCONFIRMED,0.7000000000000028,0.175,8.249999999999998,5.775000000000023,[],0.0,0.0,NO_PLAN_COVERAGE,0.0,0.0,NO_PLAN_COVERAGE
C-OFFICE-NORTH-JAMB,PARTITION,MASONRY_PRODUCT_UNCONFIRMED,0.08000000000000007,0.059,3.9,0.3120000000000003,[],0.0,0.0,NO_PLAN_COVERAGE,0.0,0.0,NO_PLAN_COVERAGE
C-KITCHEN-BEARING-WALL,LOAD_BEARING,MASONRY_PRODUCT_UNCONFIRMED,3.442,0.3,12.937499999999998,44.530874999999995,['R2'],3.442,1.0,FULL_PLAN_COVERAGE,3.442,1.0,FULL_PLAN_COVERAGE
C-KITCHEN-BEARING-WALL-E,LOAD_BEARING,MASONRY_PRODUCT_UNCONFIRMED,0.6600000000000001,0.3,12.937499999999998,8.53875,['R2'],0.6600000000000001,1.0,FULL_PLAN_COVERAGE,0.6600000000000001,1.0,FULL_PLAN_COVERAGE
C-WC-DOOR-JAMB,PARTITION,MASONRY_PRODUCT_UNCONFIRMED,0.1440000000000019,0.046,3.4125,0.4914000000000065,['R2'],0.1440000000000019,0.5434782608695803,PARTIAL_PLAN_COVERAGE,0.1440000000000019,0.5434782608695803,PARTIAL_PLAN_COVERAGE
